# ACERVO NORMATIVO — Nahid, De Vitto & Campos Advogados
# Colunas: arquivo <TAB> setor <TAB> jurisdicao <TAB> hierarquia <TAB> url_oficial
#
# setor:      transversal | trc | (novos setores entram aqui)
#             "transversal" = vale para qualquer setor. SEMPRE incluído em toda consulta.
# jurisdicao: federal | nacional | rj | (novas UFs entram aqui)
#             "nacional" = CONFAZ / CGIBS / notas técnicas de âmbito nacional.
#
# Só URLs do Planalto são baixáveis por script. As demais (CONFAZ, CGIBS, SEFAZ-RJ,
# ALERJ, CT-e) exigem obtenção manual — o baixar.sh avisa e pula.
#
EC-132-2023	transversal	federal	01-constitucional	https://www.planalto.gov.br/ccivil_03/constituicao/emendas/emc/emc132.htm
LC-214-2025	transversal	federal	02-complementar	https://www.planalto.gov.br/ccivil_03/leis/lcp/lcp214compilado.htm
LC-227-2026	transversal	federal	02-complementar	https://www.planalto.gov.br/ccivil_03/leis/lcp/Lcp227.htm
LC-192-2022	transversal	federal	02-complementar	https://www.planalto.gov.br/ccivil_03/leis/lcp/lcp192.htm
LEI-10637-2002	transversal	federal	03-ordinaria	https://www.planalto.gov.br/ccivil_03/leis/2002/l10637.htm
LEI-10833-2003	transversal	federal	03-ordinaria	https://www.planalto.gov.br/ccivil_03/leis/2003/l10.833.htm
DEC-12955-2026	transversal	federal	04-decreto	https://www.planalto.gov.br/ccivil_03/_ato2023-2026/2026/decreto/d12955.htm
RES-CGIBS-6-2026	transversal	nacional	05-infralegal	https://www.gov.br/cgibs/
LEI-11442-2007	trc	federal	03-ordinaria	https://www.planalto.gov.br/ccivil_03/_ato2007-2010/2007/lei/l11442.htm
CONV-ICMS-106-1996	trc	nacional	07-convenio	https://www.confaz.fazenda.gov.br/legislacao/convenios/1996/CV106_96
NT-CTE-2025.001	trc	nacional	06-documento-fiscal	https://www.cte.fazenda.gov.br/portal/
RJ-LEI-2657-1996	transversal	rj	03-ordinaria	https://alerjln1.alerj.rj.gov.br/contlei.nsf/f25edae7e64db53b032564fe005262ef/01cc04eee53b3b30032564fb005c2ddf?OpenDocument
RJ-LC-210-2023	transversal	rj	02-complementar	https://legislacao.fazenda.rj.gov.br/lei-complementar-no-210-de-21-de-julho-de-2023/
RJ-DEC-47057-2020-FOT	transversal	rj	04-decreto	https://legislacao.fazenda.rj.gov.br/wcc42000008131/
RJ-DEC-50248-2026-FOT	transversal	rj	04-decreto	https://legislacao.fazenda.rj.gov.br/decreto-no-50-248-de-23-de-marco-de-2026/
RJ-DEC-27427-2000-LIVRO-IX	trc	rj	04-decreto	https://legislacao.fazenda.rj.gov.br/80777/
LC-123-2006	transversal	federal	02-complementar	https://www.planalto.gov.br/ccivil_03/leis/lcp/lcp123.htm
RES-CGSN-140-2018	transversal	nacional	05-infralegal	http://normas.receita.fazenda.gov.br/sijut2consulta
RES-CGSN-186-2026	transversal	nacional	05-infralegal	https://www.in.gov.br/web/dou/-/resolucao-cgsn-n-186-de-9-de-abril-de-2026-700230741
LEI-5172-1966	transversal	federal	02-complementar	https://planalto.gov.br/ccivil_03/leis/l5172compilado.htm
LC-224-2025	transversal	federal	02-complementar	https://www.planalto.gov.br/ccivil_03/leis/lcp/lcp224.htm
LEI-15270-2025	transversal	federal	03-ordinaria	https://www.planalto.gov.br/ccivil_03/_ato2023-2026/2025/lei/l15270.htm
LEI-8036-1990	transversal	federal	03-ordinaria	https://www.planalto.gov.br/ccivil_03/leis/l8036consol.htm
LEI-8212-1991	transversal	federal	03-ordinaria	https://www.planalto.gov.br/ccivil_03/leis/l8212compilado.htm
LEI-9249-1995	transversal	federal	03-ordinaria	https://www.planalto.gov.br/ccivil_03/leis/l9249.htm
LEI-9430-1996	transversal	federal	03-ordinaria	https://www.planalto.gov.br/ccivil_03/leis/l9430.htm
LEI-12546-2011	transversal	federal	03-ordinaria	https://www.planalto.gov.br/ccivil_03/_ato2011-2014/2011/lei/l12546compilado.htm
LEI-7689-1988	transversal	federal	03-ordinaria	https://www.planalto.gov.br/ccivil_03/leis/l7689.htm
LEI-9250-1995	transversal	federal	03-ordinaria	https://www.planalto.gov.br/ccivil_03/leis/l9250.htm
LEI-9718-1998	transversal	federal	03-ordinaria	https://www.planalto.gov.br/ccivil_03/leis/l9718.htm
LEI-14789-2023	transversal	federal	03-ordinaria	https://www.planalto.gov.br/ccivil_03/_ato2023-2026/2023/lei/l14789.htm
DEC-9580-2018	transversal	federal	04-decreto	https://www.planalto.gov.br/ccivil_03/_ato2015-2018/2018/decreto/d9580.htm
LEI-8706-1993	trc	federal	03-ordinaria	https://www.planalto.gov.br/ccivil_03/leis/1989_1994/l8706.htm
LEI-10666-2003	transversal	federal	03-ordinaria	https://www.planalto.gov.br/ccivil_03/leis/2003/l10.666compilado.htm
LEI-14973-2024	transversal	federal	03-ordinaria	https://www.planalto.gov.br/ccivil_03/_ato2023-2026/2024/lei/l14973.htm
LEI-15371-2026	transversal	federal	03-ordinaria	https://www.in.gov.br/web/dou/-/lei-n-15.371-de-31-de-marco-de-2026-697067576
DEC-3048-1999	transversal	federal	04-decreto	https://www.planalto.gov.br/ccivil_03/decreto/d3048compilado.htm
LEI-9715-1998	transversal	federal	03-ordinaria	https://www.planalto.gov.br/ccivil_03/leis/l9715.htm
LEI-10209-2001	trc	federal	03-ordinaria	https://www.planalto.gov.br/ccivil_03/leis/leis_2001/l10209.htm
LEI-13703-2018	trc	federal	03-ordinaria	https://www.planalto.gov.br/ccivil_03/_ato2015-2018/2018/lei/l13703.htm
LC-225-2026	transversal	federal	02-complementar	https://www.planalto.gov.br/ccivil_03/leis/lcp/lcp225.htm
RES-ANTT-5982-2022	trc	federal	05-infralegal	https://anttlegis.antt.gov.br/action/ActionDatalegis.php?acao=detalharAto&tipo=RES&numeroAto=00005982&seqAto=000&valorAno=2022&orgao=DG/ANTT/MI
RES-ANTT-6068-2025	trc	federal	05-infralegal	https://anttlegis.antt.gov.br/action/ActionDatalegis.php?acao=abrirTextoAto&tipo=RES&numeroAto=00006068&seqAto=000&valorAno=2025&orgao=DG/ANTT/MT
RES-ANTT-6084-2026	trc	federal	05-infralegal	https://www.in.gov.br/web/dou/-/resolucao-antt-n-6.084-de-16-de-julho-de-2026-719732378
RJ-RES-SEFAZ-876-2026	transversal	rj	05-infralegal	https://legislacao.fazenda.rj.gov.br/resolucao-sefaz-no-876-de-24-de-marco-de-2026/
